[{"model": "accounts.user", "pk": 1, "fields": {"password": "pbkdf2_sha256$260000$xTGCuBNGv3VhjVAqjJoFbR$wk6BQkX3trBha/kbq4wBSRzhtTniJXoRUmcGWc12FrI=", "last_login": "2022-05-20T07:08:17.111Z", "is_superuser": true, "username": "admin", "first_name": "", "last_name": "", "email": "", "is_staff": true, "is_active": true, "date_joined": "2022-05-19T06:54:46.248Z", "groups": [], "user_permissions": [], "followings": []}}, {"model": "accounts.user", "pk": 2, "fields": {"password": "pbkdf2_sha256$260000$l5oW6LgfVMl5zi1adzXMwX$Zi6N8IowK4CMD1hkYdJYf64hnO1aTz1ftLqEC770E00=", "last_login": "2022-05-19T07:13:35.581Z", "is_superuser": true, "username": "admin2", "first_name": "", "last_name": "", "email": "", "is_staff": true, "is_active": true, "date_joined": "2022-05-19T07:13:16.081Z", "groups": [], "user_permissions": [], "followings": []}}, {"model": "community.review", "pk": 1, "fields": {"title": "sdfs", "rank": 2, "content": "afaf", "created_at": "2022-05-20T06:57:04.747Z", "updated_at": "2022-05-20T06:57:04.747Z", "movie_title": 101, "user": 1, "like_users": []}}, {"model": "community.comment", "pk": 1, "fields": {"content": "af", "review": 1, "user": 1}}, {"model": "movies.genre", "pk": 12, "fields": {"name": "모험"}}, {"model": "movies.genre", "pk": 14, "fields": {"name": "판타지"}}, {"model": "movies.genre", "pk": 16, "fields": {"name": "애니메이션"}}, {"model": "movies.genre", "pk": 18, "fields": {"name": "드라마"}}, {"model": "movies.genre", "pk": 27, "fields": {"name": "공포"}}, {"model": "movies.genre", "pk": 28, "fields": {"name": "액션"}}, {"model": "movies.genre", "pk": 35, "fields": {"name": "코미디"}}, {"model": "movies.genre", "pk": 36, "fields": {"name": "역사"}}, {"model": "movies.genre", "pk": 37, "fields": {"name": "서부"}}, {"model": "movies.genre", "pk": 53, "fields": {"name": "스릴러"}}, {"model": "movies.genre", "pk": 80, "fields": {"name": "범죄"}}, {"model": "movies.genre", "pk": 99, "fields": {"name": "다큐멘터리"}}, {"model": "movies.genre", "pk": 878, "fields": {"name": "SF"}}, {"model": "movies.genre", "pk": 9648, "fields": {"name": "미스터리"}}, {"model": "movies.genre", "pk": 10402, "fields": {"name": "음악"}}, {"model": "movies.genre", "pk": 10749, "fields": {"name": "로맨스"}}, {"model": "movies.genre", "pk": 10751, "fields": {"name": "가족"}}, {"model": "movies.genre", "pk": 10752, "fields": {"name": "전쟁"}}, {"model": "movies.genre", "pk": 10770, "fields": {"name": "TV 영화"}}, {"model": "movies.movie", "pk": 101, "fields": {"title": "배트맨 대 슈퍼맨: 저스티스의 시작", "release_date": "2016-03-23", "popularity": 83.034, "vote_count": 15814, "vote_average": 5.9, "overview": "슈퍼맨과 조드 장군의 격렬한 전투 이후 메트로폴리스는 파괴되었고 슈퍼맨은 세계 최고 논쟁의 인물이 되어 버린다. 검증되지 않은 신과 같은 능력을 지닌 슈퍼맨의 등장에 사람들은 두려움에 빠지게 된다. 한편 배트맨은 그 동안 타락했던 많은 자들처럼 슈퍼맨 역시 언젠가 타락을 할 것이라 생각하며 사회에서 가장 위험한 존재로 여긴다. 세계의 미래를 위해 무모하고 제어할 수 없는 힘을 가진 슈퍼맨으로 인해 벌어졌던 일들을 바로 잡으려 한다. 배트맨과 슈퍼맨이 격돌하는 사이 인류를 위협할 새로운 위기가 빠르게 부상하기 시작하는데...", "poster_path": "https://image.tmdb.org/t/p/w500/rNnIW6xSPeTiIUtsfEhFeIRiJVv.jpg", "genres": [12, 14, 28], "like_users": [], "related_guns": []}}, {"model": "movies.movie", "pk": 102, "fields": {"title": "블랙 호크 다운", "release_date": "2001-12-28", "popularity": 29.268, "vote_count": 4560, "vote_average": 7.4, "overview": "UN 평화유지작전의 일환으로 1993년 동아프리카 소말리아의 수도 모가디슈에 파견된 최정예 미군 부대원들이 소말리아 민병대에 의해 공습당하면서 19명의 사상자를 낸다. 당시 소말리아에는 UN이 제공하는 구호식량을 착취할 목적으로 동포를 굶어 죽이는 민병대장이 전횡을 휘두르고 있었고, UN은 정예부대를 파견해 민병대장의 두 최고 부하를 납치하려다 실패한다. 무적의 전투헬기 블랙 호크 슈퍼 61과 블랙 호크 슈퍼 64가 소말리아 민병대에 의해 격추당하고, 제임스 장군은 단 한명의 생존자도, 단 한점의 살점도 남기지 말라고 명령, 최후의 순간까지 자존심을 건 전투를 펼치는데...", "poster_path": "https://image.tmdb.org/t/p/w500/rvlwbtYEKjs7Gh3twDKTOcn6Qhp.jpg", "genres": [28, 36, 10752], "like_users": [], "related_guns": []}}, {"model": "movies.movie", "pk": 103, "fields": {"title": "터미네이터 2: 심판의 날", "release_date": "1991-07-03", "popularity": 51.503, "vote_count": 10362, "vote_average": 8.1, "overview": "미래, 인류와 기계의 전쟁은 계속 되는 가운데 스카이넷은 인류 저항군 사령관 존 코너를 없애기 위해 액체 금속형 로봇인 T-1000(로버트 패트릭)을 과거의 어린 존 코너에게로 보낸다. 형태의 변신과 자가 치유까지 가능한 T-1000에 대항하고 존 코너를 지키기 위해 인류 저항군은 T-101(아놀드 슈왈제네거)을 과거로 급파한다. 미래의 인류 운명을 쥔 어린 존 코너, 그를 구해내지 않으면 인류의 미래는 없다. 반드시 제거해야 하는 스카이넷의 T-1000은 거침없이 존 코너 일행을 위협하며 숨가쁜 추격을 시작하는데...", "poster_path": "https://image.tmdb.org/t/p/w500/nDVUiEqoeXaDQuM81KkUVNviYIm.jpg", "genres": [28, 53, 878], "like_users": [], "related_guns": []}}, {"model": "movies.movie", "pk": 104, "fields": {"title": "블랙 위도우", "release_date": "2021-07-07", "popularity": 281.071, "vote_count": 7566, "vote_average": 7.5, "overview": "어벤져스 멤버들이 뿔뿔이 흩어지고 혼자가 된 어벤져스의 히어로 블랙 위도우는  20년 전 헤어진 여동생 옐레나와 재회하는데, 이 과정에서 사라진 줄 알았던 레드룸이 아직도 실재한다는 사실을 알게 된다. 레드룸은 두 사람을 암살자로 만든 소비에트연방의 훈련기관. 두 사람은 레드룸을 없애고 지배받는 여성들을 구하기로 의기투합한다. 상대의 능력을 복제하는 빌런 태스크마스터와 새로운 위도우들의 위협에 맞서 목숨을 건 반격을 시작하는 나타샤는 스파이로 활약했던 자신의 과거 뿐 아니라, 어벤져스가 되기 전 함께했던 동료들을 마주해야만 하는데...\"", "poster_path": "https://image.tmdb.org/t/p/w500/oPMAUqhwQf9mLCU5xEGPv33lAJO.jpg", "genres": [12, 28, 878], "like_users": [], "related_guns": []}}, {"model": "movies.movie", "pk": 105, "fields": {"title": "제로 다크 서티", "release_date": "2012-12-19", "popularity": 18.043, "vote_count": 3749, "vote_average": 7.0, "overview": "칠흑같이 어두운 밤, 적외선 안경을 낀 특수부대를 태운 블랙호크 헬기 두대가 파키스탄 국경을 넘어 빈 라덴의 거처 앞마당에 내려앉는다. 빈 라덴을 잡을 생각만으로 이 악물고 버텨온 CIA 요원 마야(제시카 채스테인)가 고대해온 순간이다. 지난 10년간 알 카에다의 연락책이자 빈 라덴의 최측근인 한 남자를 추적하는 일에 매달려 온 그녀는 순수한 열정과 원칙에 따라 작전에 임하지만, 매번 어떤 실마리조차 찾지 못하는 상황에 좌절한다. 어느 날, 단서를 발견하게 된 그녀는 동료들과 함께 거래를 시도하지만 테러리스트들의 자폭 테러로 인해 가장 친한 동료마저 잃게 되는데...", "poster_path": "https://image.tmdb.org/t/p/w500/vUwEnJIcE9vFjJQvWXQBMtOBvkX.jpg", "genres": [18, 36, 53], "like_users": [], "related_guns": []}}, {"model": "movies.movie", "pk": 106, "fields": {"title": "다크 나이트", "release_date": "2008-07-14", "popularity": 81.033, "vote_count": 27547, "vote_average": 8.5, "overview": "범죄와 부정부패를 제거하여 고담시를 지키려는 배트맨. 그는 짐 고든 형사와 패기 넘치는 고담시 지방 검사 하비 덴트와 함께 도시를 범죄 조직으로부터 영원히 구원하고자 한다. 세 명의 의기투합으로 위기에 처한 악당들이 모인 자리에 보라색 양복을 입고 얼굴에 짙게 화장을 한 괴이한 존재가 나타나 배트맨을 죽이자는 사상 초유의 제안을 한다. 그는 바로 어떠한 룰도, 목적도 없는 사상 최악의 악당 미치광이 살인광대 조커. 배트맨을 죽이고 고담시를 끝장내버리기 위한 조커의 광기 어린 행각에 도시는 혼란에 빠지는데...", "poster_path": "https://image.tmdb.org/t/p/w500/f6dNinWX8rBM79JXKcShkfSh2oA.jpg", "genres": [18, 28, 53, 80], "like_users": [], "related_guns": []}}, {"model": "movies.movie", "pk": 107, "fields": {"title": "테넷", "release_date": "2020-08-22", "popularity": 82.572, "vote_count": 7127, "vote_average": 7.2, "overview": "주도자는 미국의 한 요원으로 우크라이나 국립 오페라 극장의 한 사건에 투입되었다가 우크라이나 요원들에게 붙잡히게 되고 고문을 받지만 CIA가 준 자살 약을 먹고 자살을 택하게 된다. 그러나 이내 다시 눈을 뜬 주인공은 의문의 한 남자로부터 임무를 부여받는다. 그가 주도자에게 줄 수 있는 건 하나의 제스처와 하나의 단어 뿐. 시간의 흐름을 뒤집는 인버전을 통해 현재와 미래를 오가며 세상을 파괴하려는 사토르를 막기 위해 투입된 작전의 주도자는 인버전에 대한 정보를 가진 닐과 미술품 감정사이자 사토르에 대한 복수심이 가득한 그의 아내 캣과 협력해 미래의 공격에 맞서 제3차 세계대전을 막아야 한다.", "poster_path": "https://image.tmdb.org/t/p/w500/4ISu3R5OQQ39aWCzWWYrB9reSQD.jpg", "genres": [28, 53, 878], "like_users": [], "related_guns": []}}, {"model": "movies.movie", "pk": 108, "fields": {"title": "채피", "release_date": "2015-03-04", "popularity": 75.843, "vote_count": 6834, "vote_average": 6.8, "overview": "2016년, 매일 300건의 범죄가 폭주하는 요하네스버그. 도시의 치안을 책임지는 세계 최초의 로봇 경찰 ‘스카우트’ 군단을 설계한 로봇 개발자 ‘디온(데브 파텔)’은 폐기된 스카우트 22호에 고도의 인공지능을 탑재하여 스스로 생각하고 느낄 수 있는 성장하는 로봇 ‘채피’를 탄생시킨다.  한편, 진화하는 로봇에 맞서 인간의 힘으로 로봇을 통제하고 싶은 무기 개발자 ‘빈센트 (휴 잭맨)’는 눈엣가시 ‘채피’를 제거하기 위한 음모를 꾸미게 되고, 예상을 뛰어넘는 속도로 성장하던 ‘채피’는 어느새 인류를 위협하는 대상으로 몰리게 되는데… 생존을 꿈꾸는 로봇 ‘채피’와 로봇을 통제하려는 ‘인간’의 대결이 시작된다!", "poster_path": "https://image.tmdb.org/t/p/w500/hcGym66raZDzDIGjdkVDoQZvLks.jpg", "genres": [28, 80, 878], "like_users": [], "related_guns": []}}, {"model": "movies.movie", "pk": 109, "fields": {"title": "007 퀀텀 오브 솔러스", "release_date": "2008-10-31", "popularity": 30.993, "vote_count": 6574, "vote_average": 6.3, "overview": "카지노 로얄에서 최초의 임무를 성공적으로 완수한 007 제임스 본드. 하지만 첫사랑 베스퍼의 배신과 비극적인 죽음으로 강렬한 복수심에 휩싸인다. 한편 진실을 밝히기 위해 M과 함께 수수께끼의 인물 미스터 화이트를 심문하던 중, 베스퍼를 죽음으로 몰고간 배후 세력이 생각보다 훨신 거대하고 위험한 조직임을 알게 된다. 게다가 MI6 내부에까지 세력이 침투해 있어 제임스 본드가 믿을 수 있는 사람은 아무도 없다는 게 밝혀진다. 단서를 쫓던 007은 MI6 내의 누군가가 테러 조직의 돈 세탁을 위해 아이티에 은행 계좌를 만들었다는 정보를 입수하고 곧바로 아이티로 향하는데...", "poster_path": "https://image.tmdb.org/t/p/w500/2YKYWVQEImMyWzMdqbNFOHFq1JY.jpg", "genres": [12, 28, 53, 80], "like_users": [], "related_guns": []}}, {"model": "movies.movie", "pk": 110, "fields": {"title": "샹치와 텐 링즈의 전설", "release_date": "2021-09-01", "popularity": 671.671, "vote_count": 6451, "vote_average": 7.7, "overview": "초인적인 능력을 가진 텐 링즈의 힘으로 수세기 동안 어둠의 세상을 지배해 온 웬우. 샹치는 아버지 웬우 밑에서 암살자로 훈련을 받았지만 이를 거부하고 평범함 삶을 선택한다. 샌프란시스코로 떠나와 자신의 진짜 이름을 숨긴 채 션이란 가명으로 살아가는 샹치. 웬우가 수장으로 있는 조직 텐 링즈의 일원인 레이저 피스트가 찾아와 샹치의 펜던트를 훔쳐가자 샹치는 친구 케이티와 함께 연이 끊겼던 동생 샤링을 염려하며 그녀가 숨어 지내는 마카오로 찾아간다. 텐 링즈의 마법 같은 힘을 통해 수천년 동안 지구의 역사를 혼란에 빠뜨렸던 웬우는 자신의 아들딸을 다시 불러들여 새로운 계략을 꾸민다.", "poster_path": "https://image.tmdb.org/t/p/w500/14L4NGrqO4r7gJtVRiSRP5rNsL5.jpg", "genres": [12, 14, 28, 878], "like_users": [], "related_guns": []}}, {"model": "movies.movie", "pk": 111, "fields": {"title": "시카리오:  암살자의 도시", "release_date": "2015-09-17", "popularity": 56.062, "vote_count": 6922, "vote_average": 7.4, "overview": "미국과 멕시코의 국경지역 후아레즈는 멕시코 최대 마약조직의 본거지이자 온갖 범죄의 온상지. FBI 요원 케이트는 어린이 납치사건을 수사하다가 멕시코 마약조직의 정체를 알게 되고 CIA가 계획하는 마약조직 소탕작전에 자원한다. 그곳에서 소탕작전을 이끄는 책임자 맷과 멕시코 검사 출신의 알레한드로를 만난다. 작전이 전개되면서 수사는 법의 테두리를 넘지 말아야 한다는 케이트의 정의와 원칙은 수단과 방법을 가리지 않고 임무를 완수하려는 맷과 개인적인 복수를 위해 작전에 개입한 알레한드로 때문에 흔들린다.", "poster_path": "https://image.tmdb.org/t/p/w500/oVA4Rx01OUAYdLOiBNBPjaG7I7v.jpg", "genres": [28, 53, 80], "like_users": [], "related_guns": []}}, {"model": "movies.movie", "pk": 112, "fields": {"title": "인셉션", "release_date": "2010-07-15", "popularity": 104.658, "vote_count": 31546, "vote_average": 8.4, "overview": "타인의 꿈과 접속해 생각을 빼낼 수 있는 근미래, 돔 코브는 꿈의 보안 프로그래머이자 동시에 침입자다. 그는 일본인 사업가 사이토의 제안에 따라 거대 합병 기업의 총수가 될 피셔의 꿈을 설계하여 기업 합병을 막으려 든다. 그 일을 성사시키면 코브는 사이토의 도움으로 아내의 살해범으로 몰린 자신의 누명을 뒤로 하고 사랑스런 자녀들이 있는 집으로 돌아갈 수 있다. 마침내 코브 일행은 꿈 안의 꿈 안의 또 꿈이라는 경로를 거치며 피셔의 꿈과 무의식 깊숙한 곳을 설계하고 침투한다.", "poster_path": "https://image.tmdb.org/t/p/w500/jSm8mzp7sucgL8NwINIoAmx4dS5.jpg", "genres": [12, 28, 878], "like_users": [], "related_guns": []}}, {"model": "movies.movie", "pk": 113, "fields": {"title": "007 스카이폴", "release_date": "2012-10-25", "popularity": 52.931, "vote_count": 13462, "vote_average": 7.2, "overview": "상관 M의 지시에 따라 현장 요원 이브와 함께 임무를 수행하던 제임스 본드는 달리는 열차 위에서 적과 치열한 결투를 벌이다 M의 명령으로 이브가 쏜 총에 맞고 추락하여 실종된다. 이에 임무가 실패로 끝나자 전세계에서 테러단체에 잠입해 임무를 수행 중이던 비밀 요원들의 정보가 분실되고 MI6는 사상 최대의 위기에 빠진다.  설상가상으로 M의 과거에 얽힌 비밀로 인해 미스터리한 적 실바에게 공격을 받은 MI6는 붕괴 위험에 처하게 되고, 이 사건으로 인해 M은 책임 추궁을 당하며 퇴출 위기에 놓인다. 이 때 죽음의 고비에서 부활한 제임스 본드가 M의 곁으로 다시 돌아오는데...", "poster_path": "https://image.tmdb.org/t/p/w500/oHkZwUYpfrAnkKcJh3BdPYsBSPX.jpg", "genres": [12, 28, 53], "like_users": [], "related_guns": []}}, {"model": "movies.movie", "pk": 114, "fields": {"title": "작전명 발키리", "release_date": "2008-12-25", "popularity": 15.772, "vote_count": 2994, "vote_average": 6.9, "overview": "아프리카의 전투에서 심한 부상을 당한 클라우스 본 스타우펜버그 대령(톰 크루즈)은 자신의 조국을 대량학살의 끔찍한 처지로 몰아가려는 강력한 독재정권을 전복시키기 위한 비밀 음모에 가담하게 된다. 독재정권의 비밀경찰이 그 어느 때보다도 위협적이고 적의 침투에 강력한 방어체계를 이룬 상황에서 음모의 주동자들은 아돌프 히틀러를 암살하는 것 이외에는 다른 방도를 찾을 수 없게 된다. 스타우펜버그 대령은 히틀러 암살후의 독재정권을 대치할 복잡한 발키리 작전을 세우는 것에 협조하지만 그들의 운명은 상황은 꼬여가기만 하고, 작전은 발각되고야 마는데...", "poster_path": "https://image.tmdb.org/t/p/w500/ho4MeBmdART1zXCaoLvOYR2puFj.jpg", "genres": [18, 36, 53, 10752], "like_users": [], "related_guns": []}}, {"model": "movies.movie", "pk": 115, "fields": {"title": "스파이더맨", "release_date": "2002-05-01", "popularity": 117.105, "vote_count": 15676, "vote_average": 7.2, "overview": "평범하고 내성적인 고등학생 피터 파커는 우연히 방사능에 감염된 거미에 물린다.그 후, 피터는 손에서 거미줄이 튀어 나오고 벽을 기어 오를 수 있는 거미와 같은 능력을 갖게 된다. 다가오는 위험을 본능적으로 감지하는 초감각과 엄청난 파워를 소유하게 된 것이다. 피터는 짝사랑하던 메리 제인의 관심을 끌기 위해 멋진 스포츠카를 구입하는데 초능력을 처음 사용한다. 그러다 사랑하는 벤 아저씨의 죽음을 계기로 그 힘을 악의 세력에 대항하는데 쓰기로 결심한다. 한편 피터의 절친 해리 오스본의 아버지인 노만은 실험 도중 가스에 중독되어 악의 화신 그린 고블린으로 변하는데...", "poster_path": "https://image.tmdb.org/t/p/w500/eXbCqcUsUDUq2qqGmU5i20S0tjo.jpg", "genres": [14, 28], "like_users": [], "related_guns": []}}, {"model": "movies.movie", "pk": 116, "fields": {"title": "월드워Z", "release_date": "2013-06-20", "popularity": 126.076, "vote_count": 13055, "vote_average": 6.8, "overview": "세계 곳곳에서 원인을 알 수 없는 이변이 일어나기 시작하고, 정체 불명의 존재들의 무차별적 공격으로 도시는 순식간에 아수라장으로 변한다. 군인 출신으로 전시 경험이 풍부하고 위기 대처 능력이 뛰어난 전직 UN 소속 조사관 제리는 위험한 상황에서 가까스로 가족들과 탈출하는데 성공하고 이제껏 본 적 없는 인류 최대의 위기 앞에 대재난에 맞설 최후의 적임자로 지목된다. 마침내 제리는 전 세계를 위협하는 거대한 정체들과 직면하게 되고, 그들의 끊임없는 공격에 맞서 필사의 사투를 벌이게 되는데...", "poster_path": "https://image.tmdb.org/t/p/w500/m7XV4mnSGh6esBZwQyLlfEtRMiB.jpg", "genres": [18, 27, 28, 53, 878], "like_users": [], "related_guns": []}}, {"model": "movies.movie", "pk": 117, "fields": {"title": "노인을 위한 나라는 없다", "release_date": "2007-11-08", "popularity": 24.512, "vote_count": 9689, "vote_average": 7.9, "overview": "사막 한 가운데서 사냥을 즐기던 모스는 총격전이 벌어진 듯 출혈이 낭자한 사건 현장을 발견한다. 모스는 물 한 모금을 갈구하는 단 한명의 생존자를 외면한 채 떠나다가 우연히 200만 달러가 들어있는 가방을 발견한다. 횡재를 했지만 물을 달라는 요구를 거절한 게 내심 꺼림칙했던 모스는 새벽녘에 현장을 다시 방문하게 되고, 때마침 마주친 경찰에게 쫓기는 신세가 되고 만다. 여기에 200만 달러가 든 가방을 찾는 살인마 안톤 시거와 보안관 벨이 끼어들면서 이야기는 혼돈과 폭력의 결말로 치달아 간다.", "poster_path": "https://image.tmdb.org/t/p/w500/2SU078qZf8ZTNfl6XlqgYiQohhG.jpg", "genres": [18, 53, 80], "like_users": [], "related_guns": []}}, {"model": "movies.movie", "pk": 118, "fields": {"title": "새벽의 저주", "release_date": "2004-03-19", "popularity": 32.023, "vote_count": 3123, "vote_average": 7.0, "overview": "어느날 새벽, 간호사 안나는 느닷없이 나타난 옆집 소녀에게 남편이 물어 뜯겨 죽는 참혹한 광경을 목격한다. 슬퍼하거나 놀랄 틈도 없이 죽었던 남편은 다시 되살아나 안나를 공격하고 안나는 급히 집 밖으로 도망쳐 나온다. 그러나 집밖에도 이미 같은 일들이 벌어지고 있었으며, 세상은 순식간에 생지옥으로 변하고 마는데...", "poster_path": "https://image.tmdb.org/t/p/w500/qqTYdTvdhsWr6vZ72WROS7u7V9r.jpg", "genres": [27, 28], "like_users": [], "related_guns": []}}, {"model": "movies.movie", "pk": 119, "fields": {"title": "어카운턴트", "release_date": "2016-10-13", "popularity": 25.277, "vote_count": 5042, "vote_average": 7.0, "overview": "크리스찬 울프(벤 애플렉)는 동네 상점에서 혼자 ZZZ 공인회계사 사무소를 운영하는 회계사다. 언뜻 보기에 평범한 회계사 같지만 크리스찬을 찾는 고객에는 두 종류가 있다. 하나는 동네 주민이고 다른 하나는 거물급 범죄자들이다. 범죄자들을 고객으로 상대하며 때때로 크리스찬은 킬러의 역할을 맡기도 한다. 크리스찬이 새로 수임한 업무는 자금 횡령 의혹이 있는 벤처기업의 재무 조사. 처음 횡령 의혹을 제기한 사내 회계사 다나(안나 켄드릭)와 크리스찬은 점차 횡령보다 더 복잡한 사건이 배후에 있음을 깨닫는다. 한편 재무부 범죄전담반은 크리스찬이 여러 범죄 사건에 연루된 인물이라는 사실을 발견하고 조사를 요청하는데...", "poster_path": "https://image.tmdb.org/t/p/w500/f6SW5VjX2w1lPwzswCsm6XbvlAS.jpg", "genres": [18, 53, 80], "like_users": [], "related_guns": []}}, {"model": "movies.movie", "pk": 120, "fields": {"title": "아메리칸 스나이퍼", "release_date": "2014-12-25", "popularity": 80.883, "vote_count": 11099, "vote_average": 7.4, "overview": "녹색 얼굴의 악마들, 전쟁의 종결자 네이비 실 사이에서도 전설이라 불렸던 남자 ‘크리스 카일’.  총알이 난무하는 전쟁터에서도 군인들이 적을 소탕할 수 있었던 것은 최고의 스나이퍼가 자신들을 지켜줄 것이라는 믿음 때문이었다. 그러나 신은 그에게 관용을 허락하지 않았다.  단 4일간의 허니문, 첫 아이가 태어나는 순간에도 전쟁터를 떠나지 못한다.  더 이상 자신이 사랑했던 남자가 아닌 것 같다는 아내의 눈물에도 그는 조국을 지키기 위해, 한 명의 전우를 더 살리기 위해 적에게 총구를 겨누는데…", "poster_path": "https://image.tmdb.org/t/p/w500/pKbOLUANgHiiSjC7qs6AXfzW9cX.jpg", "genres": [28, 10752], "like_users": [], "related_guns": []}}, {"model": "movies.movie", "pk": 121, "fields": {"title": "자헤드: 그들만의 전쟁", "release_date": "2005-11-04", "popularity": 24.442, "vote_count": 2293, "vote_average": 6.6, "overview": "1990년 여름, 20세의 젊은 해병대원 안소니 스워포드는 실제 훈련 중에 총상으로 사망자까지 발생하는 지옥과도 같은 해병대 훈련소 생활을 마치고 걸프전을 위해 사우디 아라비아의 사막에 저격병으로 투입된다. 진정한 이유도 모른 채 마주하게 한 이라크 군들과의 대치가 이어지는 가운데,  지루한 일상과 살인적인 더위, 어디서 어떻게 적이  나타날지 모르는 막막한 사막을 지켜야 하는 긴장감은 커져만 간다. 공허한 환경 속에서 안소니와 동료 해병 대원들은 그들이 왜 그곳에 있어야 하는지를 완전히 이해 못한 채 냉소적인 마음과 행동으로 변해가며며 심경의 변화와 갈등을 경험하게 되는데...", "poster_path": "https://image.tmdb.org/t/p/w500/vwsNvqbnLqmKpbllKtancDHzizC.jpg", "genres": [18, 10752], "like_users": [], "related_guns": []}}, {"model": "guns.guntype", "pk": 1, "fields": {"type_name": "Assault Rifle"}}, {"model": "guns.guntype", "pk": 2, "fields": {"type_name": "Shotgun"}}, {"model": "guns.guntype", "pk": 3, "fields": {"type_name": "Sniper Rifle"}}, {"model": "guns.guntype", "pk": 4, "fields": {"type_name": "Pistol"}}, {"model": "guns.guntype", "pk": 6, "fields": {"type_name": "Submachine Gun"}}, {"model": "guns.guntype", "pk": 7, "fields": {"type_name": "Machine Gun"}}, {"model": "guns.gun", "pk": 1, "fields": {"gun_name": "AK-47", "manufacturer": "-", "gun_weight": "4.3", "gun_length": "880", "gun_caliber": "7.62", "gun_type": 1, "gun_image_path": "guns/AK-47.jpg", "like_users": []}}, {"model": "guns.gun", "pk": 2, "fields": {"gun_name": "M4A1 Carbine", "manufacturer": "Colt", "gun_weight": "3.26", "gun_length": "840", "gun_caliber": "5.56", "gun_type": 1, "gun_image_path": "guns/M4A1 Carbine.jpg", "like_users": []}}, {"model": "guns.gun", "pk": 3, "fields": {"gun_name": "Winchester 1887", "manufacturer": "Winchester", "gun_weight": "3.6", "gun_length": "99.7", "gun_caliber": "12", "gun_type": 2, "gun_image_path": "guns/Winchester_1887.jpg", "like_users": []}}, {"model": "guns.gun", "pk": 4, "fields": {"gun_name": "SPAS-12", "manufacturer": "Franchi", "gun_weight": "4.4", "gun_length": "104.1", "gun_caliber": "12", "gun_type": 2, "gun_image_path": "guns/Spas-12.jpg", "like_users": []}}, {"model": "guns.gun", "pk": 5, "fields": {"gun_name": "M16", "manufacturer": "Colt", "gun_weight": "3.23", "gun_length": "986", "gun_caliber": "5.56", "gun_type": 1, "gun_image_path": "guns/M16.jpg", "like_users": []}}, {"model": "guns.gun", "pk": 6, "fields": {"gun_name": "M40", "manufacturer": "Remington", "gun_weight": "7.5", "gun_length": "1127", "gun_caliber": "7.62", "gun_type": 3, "gun_image_path": "guns/M40.jpg", "like_users": []}}, {"model": "guns.gun", "pk": 7, "fields": {"gun_name": "Remington 700", "manufacturer": "Remington", "gun_weight": "4.08", "gun_length": "1050", "gun_caliber": "7.62", "gun_type": 3, "gun_image_path": "guns/Remington 700PSS.jpg", "like_users": []}}, {"model": "guns.gun", "pk": 8, "fields": {"gun_name": "Walther PPK", "manufacturer": "Walther", "gun_weight": "0.66", "gun_length": "155", "gun_caliber": "0.380", "gun_type": 4, "gun_image_path": "guns/Walther PPK.jpg", "like_users": []}}, {"model": "guns.gun", "pk": 9, "fields": {"gun_name": "Beretta 92FS", "manufacturer": "Beretta", "gun_weight": "0.95", "gun_length": "216", "gun_caliber": "9", "gun_type": 4, "gun_image_path": "guns/Beretta 92FS.jpg", "like_users": []}}, {"model": "guns.gun", "pk": 10, "fields": {"gun_name": "Uzi", "manufacturer": "IWI", "gun_weight": "3.5", "gun_length": "470", "gun_caliber": "9", "gun_type": 6, "gun_image_path": "guns/Uzi.jpg", "like_users": []}}, {"model": "guns.gun", "pk": 11, "fields": {"gun_name": "MP5", "manufacturer": "Heckler & Koch", "gun_weight": "2", "gun_length": "320", "gun_caliber": "9", "gun_type": 6, "gun_image_path": "guns/MP-5.jpg", "like_users": []}}, {"model": "guns.gun", "pk": 12, "fields": {"gun_name": "M60", "manufacturer": "-", "gun_weight": "10.5", "gun_length": "1105", "gun_caliber": "7.62", "gun_type": 7, "gun_image_path": "guns/M60.jpg", "like_users": []}}, {"model": "admin.logentry", "pk": 1, "fields": {"action_time": "2022-05-19T06:57:44.462Z", "user": 1, "content_type": 6, "object_id": "1", "object_repr": "Assault Rifle", "action_flag": 1, "change_message": "[{\"added\": {}}]"}}, {"model": "admin.logentry", "pk": 2, "fields": {"action_time": "2022-05-19T06:58:27.459Z", "user": 1, "content_type": 7, "object_id": "1", "object_repr": "AK-47", "action_flag": 1, "change_message": "[{\"added\": {}}]"}}, {"model": "admin.logentry", "pk": 3, "fields": {"action_time": "2022-05-19T06:58:40.502Z", "user": 1, "content_type": 7, "object_id": "2", "object_repr": "M4A1 Carbine", "action_flag": 1, "change_message": "[{\"added\": {}}]"}}, {"model": "admin.logentry", "pk": 4, "fields": {"action_time": "2022-05-19T07:16:28.367Z", "user": 2, "content_type": 6, "object_id": "2", "object_repr": "Shotgun", "action_flag": 1, "change_message": "[{\"added\": {}}]"}}, {"model": "admin.logentry", "pk": 5, "fields": {"action_time": "2022-05-19T07:16:40.943Z", "user": 2, "content_type": 6, "object_id": "3", "object_repr": "Sniper Rifle", "action_flag": 1, "change_message": "[{\"added\": {}}]"}}, {"model": "admin.logentry", "pk": 6, "fields": {"action_time": "2022-05-19T07:16:57.350Z", "user": 2, "content_type": 6, "object_id": "4", "object_repr": "Pistol", "action_flag": 1, "change_message": "[{\"added\": {}}]"}}, {"model": "admin.logentry", "pk": 7, "fields": {"action_time": "2022-05-19T07:17:03.742Z", "user": 2, "content_type": 6, "object_id": "5", "object_repr": "Revolver", "action_flag": 1, "change_message": "[{\"added\": {}}]"}}, {"model": "admin.logentry", "pk": 8, "fields": {"action_time": "2022-05-19T07:17:17.415Z", "user": 2, "content_type": 6, "object_id": "6", "object_repr": "Submachine Gun", "action_flag": 1, "change_message": "[{\"added\": {}}]"}}, {"model": "admin.logentry", "pk": 9, "fields": {"action_time": "2022-05-19T07:17:30.968Z", "user": 2, "content_type": 6, "object_id": "7", "object_repr": "Machine Gun", "action_flag": 1, "change_message": "[{\"added\": {}}]"}}, {"model": "admin.logentry", "pk": 10, "fields": {"action_time": "2022-05-19T07:29:52.841Z", "user": 2, "content_type": 7, "object_id": "3", "object_repr": "Winchester 1887", "action_flag": 1, "change_message": "[{\"added\": {}}]"}}, {"model": "admin.logentry", "pk": 11, "fields": {"action_time": "2022-05-19T07:32:23.152Z", "user": 2, "content_type": 7, "object_id": "4", "object_repr": "SPAS-12", "action_flag": 1, "change_message": "[{\"added\": {}}]"}}, {"model": "admin.logentry", "pk": 12, "fields": {"action_time": "2022-05-19T07:35:52.545Z", "user": 2, "content_type": 7, "object_id": "2", "object_repr": "M4A1 Carbine", "action_flag": 2, "change_message": "[{\"changed\": {\"fields\": [\"Manufacturer\", \"Gun weight\", \"Gun length\", \"Gun caliber\"]}}]"}}, {"model": "admin.logentry", "pk": 13, "fields": {"action_time": "2022-05-19T07:37:36.679Z", "user": 2, "content_type": 7, "object_id": "1", "object_repr": "AK-47", "action_flag": 2, "change_message": "[{\"changed\": {\"fields\": [\"Gun weight\", \"Gun length\"]}}]"}}, {"model": "admin.logentry", "pk": 14, "fields": {"action_time": "2022-05-19T07:42:34.232Z", "user": 2, "content_type": 7, "object_id": "5", "object_repr": "M16", "action_flag": 1, "change_message": "[{\"added\": {}}]"}}, {"model": "admin.logentry", "pk": 15, "fields": {"action_time": "2022-05-19T07:45:44.120Z", "user": 2, "content_type": 7, "object_id": "6", "object_repr": "M40", "action_flag": 1, "change_message": "[{\"added\": {}}]"}}, {"model": "admin.logentry", "pk": 16, "fields": {"action_time": "2022-05-19T07:48:54.158Z", "user": 2, "content_type": 7, "object_id": "7", "object_repr": "Remington 700", "action_flag": 1, "change_message": "[{\"added\": {}}]"}}, {"model": "admin.logentry", "pk": 17, "fields": {"action_time": "2022-05-19T07:49:30.718Z", "user": 2, "content_type": 7, "object_id": "4", "object_repr": "SPAS-12", "action_flag": 2, "change_message": "[{\"changed\": {\"fields\": [\"Gun image path\"]}}]"}}, {"model": "admin.logentry", "pk": 18, "fields": {"action_time": "2022-05-19T07:53:22.286Z", "user": 2, "content_type": 7, "object_id": "8", "object_repr": "Walther PPK", "action_flag": 1, "change_message": "[{\"added\": {}}]"}}, {"model": "admin.logentry", "pk": 19, "fields": {"action_time": "2022-05-19T07:57:31.141Z", "user": 2, "content_type": 7, "object_id": "9", "object_repr": "Beretta 92FS", "action_flag": 1, "change_message": "[{\"added\": {}}]"}}, {"model": "admin.logentry", "pk": 20, "fields": {"action_time": "2022-05-19T08:09:21.953Z", "user": 2, "content_type": 6, "object_id": "5", "object_repr": "Revolver", "action_flag": 3, "change_message": ""}}, {"model": "admin.logentry", "pk": 21, "fields": {"action_time": "2022-05-19T08:11:37.812Z", "user": 2, "content_type": 7, "object_id": "10", "object_repr": "Uzi", "action_flag": 1, "change_message": "[{\"added\": {}}]"}}, {"model": "admin.logentry", "pk": 22, "fields": {"action_time": "2022-05-19T08:15:16.563Z", "user": 2, "content_type": 7, "object_id": "11", "object_repr": "MP5", "action_flag": 1, "change_message": "[{\"added\": {}}]"}}, {"model": "admin.logentry", "pk": 23, "fields": {"action_time": "2022-05-19T08:17:52.346Z", "user": 2, "content_type": 7, "object_id": "12", "object_repr": "M60", "action_flag": 1, "change_message": "[{\"added\": {}}]"}}, {"model": "admin.logentry", "pk": 24, "fields": {"action_time": "2022-05-19T13:22:09.513Z", "user": 2, "content_type": 5, "object_id": "100", "object_repr": "마돈나 거리에서 한탕", "action_flag": 3, "change_message": ""}}, {"model": "admin.logentry", "pk": 25, "fields": {"action_time": "2022-05-19T13:22:09.519Z", "user": 2, "content_type": 5, "object_id": "99", "object_repr": "올드보이", "action_flag": 3, "change_message": ""}}, {"model": "admin.logentry", "pk": 26, "fields": {"action_time": "2022-05-19T13:22:09.525Z", "user": 2, "content_type": 5, "object_id": "98", "object_repr": "어벤져스: 인피니티 워", "action_flag": 3, "change_message": ""}}, {"model": "admin.logentry", "pk": 27, "fields": {"action_time": "2022-05-19T13:22:09.530Z", "user": 2, "content_type": 5, "object_id": "97", "object_repr": "8과 1/2", "action_flag": 3, "change_message": ""}}, {"model": "admin.logentry", "pk": 28, "fields": {"action_time": "2022-05-19T13:22:09.536Z", "user": 2, "content_type": 5, "object_id": "96", "object_repr": "타오르는 여인의 초상", "action_flag": 3, "change_message": ""}}, {"model": "admin.logentry", "pk": 29, "fields": {"action_time": "2022-05-19T13:22:09.544Z", "user": 2, "content_type": 5, "object_id": "95", "object_repr": "자전거 도둑", "action_flag": 3, "change_message": ""}}, {"model": "admin.logentry", "pk": 30, "fields": {"action_time": "2022-05-19T13:22:09.549Z", "user": 2, "content_type": 5, "object_id": "94", "object_repr": "드래곤 길들이기: 홈커밍", "action_flag": 3, "change_message": ""}}, {"model": "admin.logentry", "pk": 31, "fields": {"action_time": "2022-05-19T13:22:09.557Z", "user": 2, "content_type": 5, "object_id": "93", "object_repr": "검찰 측 증인", "action_flag": 3, "change_message": ""}}, {"model": "admin.logentry", "pk": 32, "fields": {"action_time": "2022-05-19T13:22:09.564Z", "user": 2, "content_type": 5, "object_id": "92", "object_repr": "모래의 여자", "action_flag": 3, "change_message": ""}}, {"model": "admin.logentry", "pk": 33, "fields": {"action_time": "2022-05-19T13:22:09.569Z", "user": 2, "content_type": 5, "object_id": "91", "object_repr": "지옥의 묵시록", "action_flag": 3, "change_message": ""}}, {"model": "admin.logentry", "pk": 34, "fields": {"action_time": "2022-05-19T13:22:09.574Z", "user": 2, "content_type": 5, "object_id": "90", "object_repr": "잠입자", "action_flag": 3, "change_message": ""}}, {"model": "admin.logentry", "pk": 35, "fields": {"action_time": "2022-05-19T13:22:09.579Z", "user": 2, "content_type": 5, "object_id": "89", "object_repr": "이지 라이프", "action_flag": 3, "change_message": ""}}, {"model": "admin.logentry", "pk": 36, "fields": {"action_time": "2022-05-19T13:22:09.584Z", "user": 2, "content_type": 5, "object_id": "88", "object_repr": "그린북", "action_flag": 3, "change_message": ""}}, {"model": "admin.logentry", "pk": 37, "fields": {"action_time": "2022-05-19T13:22:09.589Z", "user": 2, "content_type": 5, "object_id": "87", "object_repr": "빽 투 더 퓨쳐", "action_flag": 3, "change_message": ""}}, {"model": "admin.logentry", "pk": 38, "fields": {"action_time": "2022-05-19T13:22:09.594Z", "user": 2, "content_type": 5, "object_id": "86", "object_repr": "구멍", "action_flag": 3, "change_message": ""}}, {"model": "admin.logentry", "pk": 39, "fields": {"action_time": "2022-05-19T13:22:09.599Z", "user": 2, "content_type": 5, "object_id": "85", "object_repr": "마이 프렌즈", "action_flag": 3, "change_message": ""}}, {"model": "admin.logentry", "pk": 40, "fields": {"action_time": "2022-05-19T13:22:09.606Z", "user": 2, "content_type": 5, "object_id": "84", "object_repr": "더 헤이트 유 기브", "action_flag": 3, "change_message": ""}}, {"model": "admin.logentry", "pk": 41, "fields": {"action_time": "2022-05-19T13:22:09.612Z", "user": 2, "content_type": 5, "object_id": "83", "object_repr": "페르소나", "action_flag": 3, "change_message": ""}}, {"model": "admin.logentry", "pk": 42, "fields": {"action_time": "2022-05-19T13:22:09.618Z", "user": 2, "content_type": 5, "object_id": "82", "object_repr": "컴 앤 씨", "action_flag": 3, "change_message": ""}}, {"model": "admin.logentry", "pk": 43, "fields": {"action_time": "2022-05-19T13:22:09.623Z", "user": 2, "content_type": 5, "object_id": "81", "object_repr": "콜 미 바이 유어 네임", "action_flag": 3, "change_message": ""}}, {"model": "admin.logentry", "pk": 44, "fields": {"action_time": "2022-05-19T13:22:09.628Z", "user": 2, "content_type": 5, "object_id": "80", "object_repr": "클라우스", "action_flag": 3, "change_message": ""}}, {"model": "admin.logentry", "pk": 45, "fields": {"action_time": "2022-05-19T13:22:09.634Z", "user": 2, "content_type": 5, "object_id": "79", "object_repr": "어벤져스: 엔드게임", "action_flag": 3, "change_message": ""}}, {"model": "admin.logentry", "pk": 46, "fields": {"action_time": "2022-05-19T13:22:09.638Z", "user": 2, "content_type": 5, "object_id": "78", "object_repr": "너의 췌장을 먹고 싶어", "action_flag": 3, "change_message": ""}}, {"model": "admin.logentry", "pk": 47, "fields": {"action_time": "2022-05-19T13:22:09.644Z", "user": 2, "content_type": 5, "object_id": "77", "object_repr": "아가씨", "action_flag": 3, "change_message": ""}}, {"model": "admin.logentry", "pk": 48, "fields": {"action_time": "2022-05-19T13:22:09.649Z", "user": 2, "content_type": 5, "object_id": "76", "object_repr": "피아니스트의 전설", "action_flag": 3, "change_message": ""}}, {"model": "admin.logentry", "pk": 49, "fields": {"action_time": "2022-05-19T13:22:09.654Z", "user": 2, "content_type": 5, "object_id": "75", "object_repr": "마미", "action_flag": 3, "change_message": ""}}, {"model": "admin.logentry", "pk": 50, "fields": {"action_time": "2022-05-19T13:22:09.662Z", "user": 2, "content_type": 5, "object_id": "74", "object_repr": "옛날 옛적 서부에서", "action_flag": 3, "change_message": ""}}, {"model": "admin.logentry", "pk": 51, "fields": {"action_time": "2022-05-19T13:22:09.667Z", "user": 2, "content_type": 5, "object_id": "73", "object_repr": "동경 이야기", "action_flag": 3, "change_message": ""}}, {"model": "admin.logentry", "pk": 52, "fields": {"action_time": "2022-05-19T13:22:09.673Z", "user": 2, "content_type": 5, "object_id": "72", "object_repr": "완전 범죄", "action_flag": 3, "change_message": ""}}, {"model": "admin.logentry", "pk": 53, "fields": {"action_time": "2022-05-19T13:22:09.678Z", "user": 2, "content_type": 5, "object_id": "71", "object_repr": "베스트 오브 유스", "action_flag": 3, "change_message": ""}}, {"model": "admin.logentry", "pk": 54, "fields": {"action_time": "2022-05-19T13:22:09.684Z", "user": 2, "content_type": 5, "object_id": "70", "object_repr": "인터스텔라", "action_flag": 3, "change_message": ""}}, {"model": "admin.logentry", "pk": 55, "fields": {"action_time": "2022-05-19T13:22:09.688Z", "user": 2, "content_type": 5, "object_id": "69", "object_repr": "7번방의 기적", "action_flag": 3, "change_message": ""}}, {"model": "admin.logentry", "pk": 56, "fields": {"action_time": "2022-05-19T13:22:09.694Z", "user": 2, "content_type": 5, "object_id": "68", "object_repr": "양들의 침묵", "action_flag": 3, "change_message": ""}}, {"model": "admin.logentry", "pk": 57, "fields": {"action_time": "2022-05-19T13:22:09.698Z", "user": 2, "content_type": 5, "object_id": "67", "object_repr": "모던 타임즈", "action_flag": 3, "change_message": ""}}, {"model": "admin.logentry", "pk": 58, "fields": {"action_time": "2022-05-19T13:22:09.704Z", "user": 2, "content_type": 5, "object_id": "66", "object_repr": "파이브 피트", "action_flag": 3, "change_message": ""}}, {"model": "admin.logentry", "pk": 59, "fields": {"action_time": "2022-05-19T13:22:09.709Z", "user": 2, "content_type": 5, "object_id": "65", "object_repr": "반지의 제왕: 두 개의 탑", "action_flag": 3, "change_message": ""}}, {"model": "admin.logentry", "pk": 60, "fields": {"action_time": "2022-05-19T13:22:09.714Z", "user": 2, "content_type": 5, "object_id": "64", "object_repr": "레옹", "action_flag": 3, "change_message": ""}}, {"model": "admin.logentry", "pk": 61, "fields": {"action_time": "2022-05-19T13:22:09.719Z", "user": 2, "content_type": 5, "object_id": "63", "object_repr": "세븐", "action_flag": 3, "change_message": ""}}, {"model": "admin.logentry", "pk": 62, "fields": {"action_time": "2022-05-19T13:22:09.724Z", "user": 2, "content_type": 5, "object_id": "62", "object_repr": "닥터 후: 닥터의 날", "action_flag": 3, "change_message": ""}}, {"model": "admin.logentry", "pk": 63, "fields": {"action_time": "2022-05-19T13:22:09.729Z", "user": 2, "content_type": 5, "object_id": "61", "object_repr": "셜록: 마지막 문제", "action_flag": 3, "change_message": ""}}, {"model": "admin.logentry", "pk": 64, "fields": {"action_time": "2022-05-19T13:22:09.735Z", "user": 2, "content_type": 5, "object_id": "60", "object_repr": "죽은 시인의 사회", "action_flag": 3, "change_message": ""}}, {"model": "admin.logentry", "pk": 65, "fields": {"action_time": "2022-05-19T13:22:09.740Z", "user": 2, "content_type": 5, "object_id": "59", "object_repr": "인셉션", "action_flag": 3, "change_message": ""}}, {"model": "admin.logentry", "pk": 66, "fields": {"action_time": "2022-05-19T13:22:09.745Z", "user": 2, "content_type": 5, "object_id": "58", "object_repr": "트윈 픽스", "action_flag": 3, "change_message": ""}}, {"model": "admin.logentry", "pk": 67, "fields": {"action_time": "2022-05-19T13:22:09.751Z", "user": 2, "content_type": 5, "object_id": "57", "object_repr": "신세기 에반게리온: 엔드 오브 에반게리온", "action_flag": 3, "change_message": ""}}, {"model": "admin.logentry", "pk": 68, "fields": {"action_time": "2022-05-19T13:22:09.756Z", "user": 2, "content_type": 5, "object_id": "56", "object_repr": "반지의 제왕: 반지 원정대", "action_flag": 3, "change_message": ""}}, {"model": "admin.logentry", "pk": 69, "fields": {"action_time": "2022-05-19T13:22:09.761Z", "user": 2, "content_type": 5, "object_id": "55", "object_repr": "목소리의 형태", "action_flag": 3, "change_message": ""}}, {"model": "admin.logentry", "pk": 70, "fields": {"action_time": "2022-05-19T13:22:09.766Z", "user": 2, "content_type": 5, "object_id": "54", "object_repr": "엄마는 나의 분신 3", "action_flag": 3, "change_message": ""}}, {"model": "admin.logentry", "pk": 71, "fields": {"action_time": "2022-05-19T13:22:09.771Z", "user": 2, "content_type": 5, "object_id": "53", "object_repr": "영광의 길", "action_flag": 3, "change_message": ""}}, {"model": "admin.logentry", "pk": 72, "fields": {"action_time": "2022-05-19T13:22:09.777Z", "user": 2, "content_type": 5, "object_id": "52", "object_repr": "할복", "action_flag": 3, "change_message": ""}}, {"model": "admin.logentry", "pk": 73, "fields": {"action_time": "2022-05-19T13:22:09.782Z", "user": 2, "content_type": 5, "object_id": "51", "object_repr": "이창", "action_flag": 3, "change_message": ""}}, {"model": "admin.logentry", "pk": 74, "fields": {"action_time": "2022-05-19T13:22:09.788Z", "user": 2, "content_type": 5, "object_id": "50", "object_repr": "모노노케 히메", "action_flag": 3, "change_message": ""}}, {"model": "admin.logentry", "pk": 75, "fields": {"action_time": "2022-05-19T13:22:09.793Z", "user": 2, "content_type": 5, "object_id": "49", "object_repr": "천국과 지옥", "action_flag": 3, "change_message": ""}}, {"model": "admin.logentry", "pk": 76, "fields": {"action_time": "2022-05-19T13:22:09.798Z", "user": 2, "content_type": 5, "object_id": "48", "object_repr": "시티 라이트", "action_flag": 3, "change_message": ""}}, {"model": "admin.logentry", "pk": 77, "fields": {"action_time": "2022-05-19T13:22:09.803Z", "user": 2, "content_type": 5, "object_id": "47", "object_repr": "피아니스트", "action_flag": 3, "change_message": ""}}, {"model": "admin.logentry", "pk": 78, "fields": {"action_time": "2022-05-19T13:22:09.808Z", "user": 2, "content_type": 5, "object_id": "46", "object_repr": "이키루", "action_flag": 3, "change_message": ""}}, {"model": "admin.logentry", "pk": 79, "fields": {"action_time": "2022-05-19T13:22:09.814Z", "user": 2, "content_type": 5, "object_id": "45", "object_repr": "Z-O-M-B-I-E-S 2", "action_flag": 3, "change_message": ""}}, {"model": "admin.logentry", "pk": 80, "fields": {"action_time": "2022-05-19T13:22:09.819Z", "user": 2, "content_type": 5, "object_id": "44", "object_repr": "아메리칸 히스토리 X", "action_flag": 3, "change_message": ""}}, {"model": "admin.logentry", "pk": 81, "fields": {"action_time": "2022-05-19T13:22:09.824Z", "user": 2, "content_type": 5, "object_id": "43", "object_repr": "스타워즈 에피소드 5: 제국의 역습", "action_flag": 3, "change_message": ""}}, {"model": "admin.logentry", "pk": 82, "fields": {"action_time": "2022-05-19T13:22:09.829Z", "user": 2, "content_type": 5, "object_id": "42", "object_repr": "위플래쉬", "action_flag": 3, "change_message": ""}}, {"model": "admin.logentry", "pk": 83, "fields": {"action_time": "2022-05-19T13:22:09.835Z", "user": 2, "content_type": 5, "object_id": "41", "object_repr": "위대한 독재자", "action_flag": 3, "change_message": ""}}, {"model": "admin.logentry", "pk": 84, "fields": {"action_time": "2022-05-19T13:22:09.840Z", "user": 2, "content_type": 5, "object_id": "40", "object_repr": "선셋 대로", "action_flag": 3, "change_message": ""}}, {"model": "admin.logentry", "pk": 85, "fields": {"action_time": "2022-05-19T13:22:09.845Z", "user": 2, "content_type": 5, "object_id": "39", "object_repr": "반딧불이의 묘", "action_flag": 3, "change_message": ""}}, {"model": "admin.logentry", "pk": 86, "fields": {"action_time": "2022-05-19T13:22:09.851Z", "user": 2, "content_type": 5, "object_id": "38", "object_repr": "하울의 움직이는 성", "action_flag": 3, "change_message": ""}}, {"model": "admin.logentry", "pk": 87, "fields": {"action_time": "2022-05-19T13:22:09.856Z", "user": 2, "content_type": 5, "object_id": "37", "object_repr": "Me contro Te: Il film - La vendetta del Signor S", "action_flag": 3, "change_message": ""}}, {"model": "admin.logentry", "pk": 88, "fields": {"action_time": "2022-05-19T13:22:09.861Z", "user": 2, "content_type": 5, "object_id": "36", "object_repr": "시티 오브 갓", "action_flag": 3, "change_message": ""}}, {"model": "admin.logentry", "pk": 89, "fields": {"action_time": "2022-05-19T13:22:09.866Z", "user": 2, "content_type": 5, "object_id": "35", "object_repr": "스파이더맨: 뉴 유니버스", "action_flag": 3, "change_message": ""}}, {"model": "admin.logentry", "pk": 90, "fields": {"action_time": "2022-05-19T13:22:09.871Z", "user": 2, "content_type": 5, "object_id": "34", "object_repr": "저스티스 리그 다크: 아포콜립스 워", "action_flag": 3, "change_message": ""}}, {"model": "admin.logentry", "pk": 91, "fields": {"action_time": "2022-05-19T13:22:09.877Z", "user": 2, "content_type": 5, "object_id": "33", "object_repr": "뻐꾸기 둥지 위로 날아간 새", "action_flag": 3, "change_message": ""}}, {"model": "admin.logentry", "pk": 92, "fields": {"action_time": "2022-05-19T13:22:09.882Z", "user": 2, "content_type": 5, "object_id": "32", "object_repr": "파이트 클럽", "action_flag": 3, "change_message": ""}}, {"model": "admin.logentry", "pk": 93, "fields": {"action_time": "2022-05-19T13:22:09.887Z", "user": 2, "content_type": 5, "object_id": "31", "object_repr": "모탈 컴뱃 레전드: 스콜피온의 복수", "action_flag": 3, "change_message": ""}}, {"model": "admin.logentry", "pk": 94, "fields": {"action_time": "2022-05-19T13:22:09.892Z", "user": 2, "content_type": 5, "object_id": "30", "object_repr": "7인의 사무라이", "action_flag": 3, "change_message": ""}}, {"model": "admin.logentry", "pk": 95, "fields": {"action_time": "2022-05-19T13:22:09.897Z", "user": 2, "content_type": 5, "object_id": "29", "object_repr": "싸이코", "action_flag": 3, "change_message": ""}}, {"model": "admin.logentry", "pk": 96, "fields": {"action_time": "2022-05-19T13:22:09.902Z", "user": 2, "content_type": 5, "object_id": "28", "object_repr": "어 독스 윌", "action_flag": 3, "change_message": ""}}, {"model": "admin.logentry", "pk": 97, "fields": {"action_time": "2022-05-19T13:22:09.907Z", "user": 2, "content_type": 5, "object_id": "27", "object_repr": "석양의 무법자", "action_flag": 3, "change_message": ""}}, {"model": "admin.logentry", "pk": 98, "fields": {"action_time": "2022-05-19T13:22:09.912Z", "user": 2, "content_type": 5, "object_id": "26", "object_repr": "스티븐 유니버스: 더 무비", "action_flag": 3, "change_message": ""}}, {"model": "admin.logentry", "pk": 99, "fields": {"action_time": "2022-05-19T13:22:09.917Z", "user": 2, "content_type": 5, "object_id": "25", "object_repr": "시네마 천국", "action_flag": 3, "change_message": ""}}, {"model": "admin.logentry", "pk": 100, "fields": {"action_time": "2022-05-19T13:22:09.923Z", "user": 2, "content_type": 5, "object_id": "24", "object_repr": "좋은 친구들", "action_flag": 3, "change_message": ""}}, {"model": "admin.logentry", "pk": 101, "fields": {"action_time": "2022-05-19T13:22:09.927Z", "user": 2, "content_type": 5, "object_id": "23", "object_repr": "원스 어폰 어 타임 인 아메리카", "action_flag": 3, "change_message": ""}}, {"model": "admin.logentry", "pk": 102, "fields": {"action_time": "2022-05-19T13:22:09.932Z", "user": 2, "content_type": 5, "object_id": "22", "object_repr": "포레스트 검프", "action_flag": 3, "change_message": ""}}, {"model": "admin.logentry", "pk": 103, "fields": {"action_time": "2022-05-19T13:22:09.938Z", "user": 2, "content_type": 5, "object_id": "21", "object_repr": "레이싱 인 더 레인", "action_flag": 3, "change_message": ""}}, {"model": "admin.logentry", "pk": 104, "fields": {"action_time": "2022-05-19T13:22:09.943Z", "user": 2, "content_type": 5, "object_id": "20", "object_repr": "12명의 성난 사람들", "action_flag": 3, "change_message": ""}}, {"model": "admin.logentry", "pk": 105, "fields": {"action_time": "2022-05-19T13:22:09.948Z", "user": 2, "content_type": 5, "object_id": "19", "object_repr": "다크 나이트", "action_flag": 3, "change_message": ""}}, {"model": "admin.logentry", "pk": 106, "fields": {"action_time": "2022-05-19T13:22:09.954Z", "user": 2, "content_type": 5, "object_id": "18", "object_repr": "반지의 제왕: 왕의 귀환", "action_flag": 3, "change_message": ""}}, {"model": "admin.logentry", "pk": 107, "fields": {"action_time": "2022-05-19T13:22:09.959Z", "user": 2, "content_type": 5, "object_id": "17", "object_repr": "인생은 아름다워", "action_flag": 3, "change_message": ""}}, {"model": "admin.logentry", "pk": 108, "fields": {"action_time": "2022-05-19T13:22:09.965Z", "user": 2, "content_type": 5, "object_id": "16", "object_repr": "펄프 픽션", "action_flag": 3, "change_message": ""}}, {"model": "admin.logentry", "pk": 109, "fields": {"action_time": "2022-05-19T13:22:09.970Z", "user": 2, "content_type": 5, "object_id": "15", "object_repr": "그린 마일", "action_flag": 3, "change_message": ""}}, {"model": "admin.logentry", "pk": 110, "fields": {"action_time": "2022-05-19T13:22:09.975Z", "user": 2, "content_type": 5, "object_id": "14", "object_repr": "우리는 그토록 사랑했네", "action_flag": 3, "change_message": ""}}, {"model": "admin.logentry", "pk": 111, "fields": {"action_time": "2022-05-19T13:22:09.980Z", "user": 2, "content_type": 5, "object_id": "13", "object_repr": "해밀턴", "action_flag": 3, "change_message": ""}}, {"model": "admin.logentry", "pk": 112, "fields": {"action_time": "2022-05-19T13:22:09.985Z", "user": 2, "content_type": 5, "object_id": "12", "object_repr": "기생충", "action_flag": 3, "change_message": ""}}, {"model": "admin.logentry", "pk": 113, "fields": {"action_time": "2022-05-19T13:22:09.991Z", "user": 2, "content_type": 5, "object_id": "11", "object_repr": "센과 치히로의 행방불명", "action_flag": 3, "change_message": ""}}, {"model": "admin.logentry", "pk": 114, "fields": {"action_time": "2022-05-19T13:22:09.995Z", "user": 2, "content_type": 5, "object_id": "10", "object_repr": "대부 2", "action_flag": 3, "change_message": ""}}, {"model": "admin.logentry", "pk": 115, "fields": {"action_time": "2022-05-19T13:22:10.001Z", "user": 2, "content_type": 5, "object_id": "9", "object_repr": "너의 이름은.", "action_flag": 3, "change_message": ""}}, {"model": "admin.logentry", "pk": 116, "fields": {"action_time": "2022-05-19T13:22:10.006Z", "user": 2, "content_type": 5, "object_id": "8", "object_repr": "나의 히어로 아카데미아 더 무비: 히어로즈 라이징", "action_flag": 3, "change_message": ""}}, {"model": "admin.logentry", "pk": 117, "fields": {"action_time": "2022-05-19T13:22:10.011Z", "user": 2, "content_type": 5, "object_id": "7", "object_repr": "쉰들러 리스트", "action_flag": 3, "change_message": ""}}, {"model": "admin.logentry", "pk": 118, "fields": {"action_time": "2022-05-19T13:22:10.016Z", "user": 2, "content_type": 5, "object_id": "6", "object_repr": "대부", "action_flag": 3, "change_message": ""}}, {"model": "admin.logentry", "pk": 119, "fields": {"action_time": "2022-05-19T13:22:10.022Z", "user": 2, "content_type": 5, "object_id": "5", "object_repr": "용감한 자가 신부를 데려가리", "action_flag": 3, "change_message": ""}}, {"model": "admin.logentry", "pk": 120, "fields": {"action_time": "2022-05-19T13:22:10.027Z", "user": 2, "content_type": 5, "object_id": "4", "object_repr": "쇼생크 탈출", "action_flag": 3, "change_message": ""}}, {"model": "admin.logentry", "pk": 121, "fields": {"action_time": "2022-05-19T13:22:10.032Z", "user": 2, "content_type": 5, "object_id": "3", "object_repr": "Dedicada a mi ex", "action_flag": 3, "change_message": ""}}, {"model": "admin.logentry", "pk": 122, "fields": {"action_time": "2022-05-19T13:22:10.037Z", "user": 2, "content_type": 5, "object_id": "2", "object_repr": "가브리엘의 지옥", "action_flag": 3, "change_message": ""}}, {"model": "admin.logentry", "pk": 123, "fields": {"action_time": "2022-05-19T13:22:10.043Z", "user": 2, "content_type": 5, "object_id": "1", "object_repr": "가브리엘의 지옥 파트 2", "action_flag": 3, "change_message": ""}}, {"model": "admin.logentry", "pk": 124, "fields": {"action_time": "2022-05-19T13:33:48.433Z", "user": 2, "content_type": 5, "object_id": "101", "object_repr": "배트맨 대 슈퍼맨: 저스티스의 시작", "action_flag": 1, "change_message": "[{\"added\": {}}]"}}, {"model": "admin.logentry", "pk": 125, "fields": {"action_time": "2022-05-19T13:35:50.277Z", "user": 2, "content_type": 5, "object_id": "102", "object_repr": "블랙 호크 다운", "action_flag": 1, "change_message": "[{\"added\": {}}]"}}, {"model": "admin.logentry", "pk": 126, "fields": {"action_time": "2022-05-19T13:37:44.101Z", "user": 2, "content_type": 5, "object_id": "103", "object_repr": "터미네이터 2: 심판의 날", "action_flag": 1, "change_message": "[{\"added\": {}}]"}}, {"model": "admin.logentry", "pk": 127, "fields": {"action_time": "2022-05-19T13:42:13.508Z", "user": 2, "content_type": 5, "object_id": "104", "object_repr": "블랙 위도우", "action_flag": 1, "change_message": "[{\"added\": {}}]"}}, {"model": "admin.logentry", "pk": 128, "fields": {"action_time": "2022-05-19T13:45:43.630Z", "user": 2, "content_type": 5, "object_id": "105", "object_repr": "제로 다크 서티", "action_flag": 1, "change_message": "[{\"added\": {}}]"}}, {"model": "admin.logentry", "pk": 129, "fields": {"action_time": "2022-05-19T13:47:31.883Z", "user": 2, "content_type": 5, "object_id": "106", "object_repr": "다크 나이트", "action_flag": 1, "change_message": "[{\"added\": {}}]"}}, {"model": "admin.logentry", "pk": 130, "fields": {"action_time": "2022-05-19T13:49:26.347Z", "user": 2, "content_type": 5, "object_id": "107", "object_repr": "테넷", "action_flag": 1, "change_message": "[{\"added\": {}}]"}}, {"model": "admin.logentry", "pk": 131, "fields": {"action_time": "2022-05-19T13:55:50.885Z", "user": 2, "content_type": 5, "object_id": "108", "object_repr": "채피", "action_flag": 1, "change_message": "[{\"added\": {}}]"}}, {"model": "admin.logentry", "pk": 132, "fields": {"action_time": "2022-05-19T13:58:27.860Z", "user": 2, "content_type": 5, "object_id": "109", "object_repr": "007 퀀텀 오브 솔러스", "action_flag": 1, "change_message": "[{\"added\": {}}]"}}, {"model": "admin.logentry", "pk": 133, "fields": {"action_time": "2022-05-19T14:00:04.353Z", "user": 2, "content_type": 5, "object_id": "110", "object_repr": "샹치와 텐 링즈의 전설", "action_flag": 1, "change_message": "[{\"added\": {}}]"}}, {"model": "admin.logentry", "pk": 134, "fields": {"action_time": "2022-05-19T14:02:16.706Z", "user": 2, "content_type": 5, "object_id": "111", "object_repr": "시카리오:  암살자의 도시", "action_flag": 1, "change_message": "[{\"added\": {}}]"}}, {"model": "admin.logentry", "pk": 135, "fields": {"action_time": "2022-05-19T14:04:14.378Z", "user": 2, "content_type": 5, "object_id": "112", "object_repr": "인셉션", "action_flag": 1, "change_message": "[{\"added\": {}}]"}}, {"model": "admin.logentry", "pk": 136, "fields": {"action_time": "2022-05-19T14:06:16.105Z", "user": 2, "content_type": 5, "object_id": "113", "object_repr": "007 스카이폴", "action_flag": 1, "change_message": "[{\"added\": {}}]"}}, {"model": "admin.logentry", "pk": 137, "fields": {"action_time": "2022-05-19T14:08:00.593Z", "user": 2, "content_type": 5, "object_id": "114", "object_repr": "작전명 발키리", "action_flag": 1, "change_message": "[{\"added\": {}}]"}}, {"model": "admin.logentry", "pk": 138, "fields": {"action_time": "2022-05-19T14:09:13.473Z", "user": 2, "content_type": 5, "object_id": "115", "object_repr": "스파이더맨", "action_flag": 1, "change_message": "[{\"added\": {}}]"}}, {"model": "admin.logentry", "pk": 139, "fields": {"action_time": "2022-05-19T14:45:57.020Z", "user": 2, "content_type": 5, "object_id": "116", "object_repr": "월드워Z", "action_flag": 1, "change_message": "[{\"added\": {}}]"}}, {"model": "admin.logentry", "pk": 140, "fields": {"action_time": "2022-05-19T14:47:43.285Z", "user": 2, "content_type": 5, "object_id": "117", "object_repr": "노인을 위한 나라는 없다", "action_flag": 1, "change_message": "[{\"added\": {}}]"}}, {"model": "admin.logentry", "pk": 141, "fields": {"action_time": "2022-05-19T14:49:29.348Z", "user": 2, "content_type": 5, "object_id": "118", "object_repr": "새벽의 저주", "action_flag": 1, "change_message": "[{\"added\": {}}]"}}, {"model": "admin.logentry", "pk": 142, "fields": {"action_time": "2022-05-19T14:51:53.298Z", "user": 2, "content_type": 5, "object_id": "119", "object_repr": "어카운턴트", "action_flag": 1, "change_message": "[{\"added\": {}}]"}}, {"model": "admin.logentry", "pk": 143, "fields": {"action_time": "2022-05-19T14:53:31.788Z", "user": 2, "content_type": 5, "object_id": "120", "object_repr": "아메리칸 스나이퍼", "action_flag": 1, "change_message": "[{\"added\": {}}]"}}, {"model": "admin.logentry", "pk": 144, "fields": {"action_time": "2022-05-19T14:55:32.380Z", "user": 2, "content_type": 5, "object_id": "121", "object_repr": "자헤드: 그들만의 전쟁", "action_flag": 1, "change_message": "[{\"added\": {}}]"}}, {"model": "admin.logentry", "pk": 145, "fields": {"action_time": "2022-05-20T08:25:16.327Z", "user": 1, "content_type": 5, "object_id": "101", "object_repr": "배트맨 대 슈퍼맨: 저스티스의 시작", "action_flag": 2, "change_message": "[{\"changed\": {\"fields\": [\"Poster path\"]}}]"}}, {"model": "admin.logentry", "pk": 146, "fields": {"action_time": "2022-05-20T08:26:01.069Z", "user": 1, "content_type": 5, "object_id": "102", "object_repr": "블랙 호크 다운", "action_flag": 2, "change_message": "[{\"changed\": {\"fields\": [\"Poster path\"]}}]"}}, {"model": "admin.logentry", "pk": 147, "fields": {"action_time": "2022-05-20T08:26:05.654Z", "user": 1, "content_type": 5, "object_id": "103", "object_repr": "터미네이터 2: 심판의 날", "action_flag": 2, "change_message": "[{\"changed\": {\"fields\": [\"Poster path\"]}}]"}}, {"model": "admin.logentry", "pk": 148, "fields": {"action_time": "2022-05-20T08:26:10.190Z", "user": 1, "content_type": 5, "object_id": "104", "object_repr": "블랙 위도우", "action_flag": 2, "change_message": "[{\"changed\": {\"fields\": [\"Poster path\"]}}]"}}, {"model": "admin.logentry", "pk": 149, "fields": {"action_time": "2022-05-20T08:26:15.710Z", "user": 1, "content_type": 5, "object_id": "105", "object_repr": "제로 다크 서티", "action_flag": 2, "change_message": "[{\"changed\": {\"fields\": [\"Poster path\"]}}]"}}, {"model": "admin.logentry", "pk": 150, "fields": {"action_time": "2022-05-20T08:26:20.767Z", "user": 1, "content_type": 5, "object_id": "106", "object_repr": "다크 나이트", "action_flag": 2, "change_message": "[{\"changed\": {\"fields\": [\"Poster path\"]}}]"}}, {"model": "admin.logentry", "pk": 151, "fields": {"action_time": "2022-05-20T08:26:24.850Z", "user": 1, "content_type": 5, "object_id": "107", "object_repr": "테넷", "action_flag": 2, "change_message": "[{\"changed\": {\"fields\": [\"Poster path\"]}}]"}}, {"model": "admin.logentry", "pk": 152, "fields": {"action_time": "2022-05-20T08:26:29.646Z", "user": 1, "content_type": 5, "object_id": "108", "object_repr": "채피", "action_flag": 2, "change_message": "[{\"changed\": {\"fields\": [\"Poster path\"]}}]"}}, {"model": "admin.logentry", "pk": 153, "fields": {"action_time": "2022-05-20T08:26:33.910Z", "user": 1, "content_type": 5, "object_id": "109", "object_repr": "007 퀀텀 오브 솔러스", "action_flag": 2, "change_message": "[{\"changed\": {\"fields\": [\"Poster path\"]}}]"}}, {"model": "admin.logentry", "pk": 154, "fields": {"action_time": "2022-05-20T08:26:37.454Z", "user": 1, "content_type": 5, "object_id": "110", "object_repr": "샹치와 텐 링즈의 전설", "action_flag": 2, "change_message": "[{\"changed\": {\"fields\": [\"Poster path\"]}}]"}}, {"model": "admin.logentry", "pk": 155, "fields": {"action_time": "2022-05-20T08:26:40.005Z", "user": 1, "content_type": 5, "object_id": "111", "object_repr": "시카리오:  암살자의 도시", "action_flag": 2, "change_message": "[{\"changed\": {\"fields\": [\"Poster path\"]}}]"}}, {"model": "admin.logentry", "pk": 156, "fields": {"action_time": "2022-05-20T08:26:42.719Z", "user": 1, "content_type": 5, "object_id": "112", "object_repr": "인셉션", "action_flag": 2, "change_message": "[{\"changed\": {\"fields\": [\"Poster path\"]}}]"}}, {"model": "admin.logentry", "pk": 157, "fields": {"action_time": "2022-05-20T08:26:45.979Z", "user": 1, "content_type": 5, "object_id": "113", "object_repr": "007 스카이폴", "action_flag": 2, "change_message": "[{\"changed\": {\"fields\": [\"Poster path\"]}}]"}}, {"model": "admin.logentry", "pk": 158, "fields": {"action_time": "2022-05-20T08:26:49.230Z", "user": 1, "content_type": 5, "object_id": "114", "object_repr": "작전명 발키리", "action_flag": 2, "change_message": "[{\"changed\": {\"fields\": [\"Poster path\"]}}]"}}, {"model": "admin.logentry", "pk": 159, "fields": {"action_time": "2022-05-20T08:26:52.141Z", "user": 1, "content_type": 5, "object_id": "115", "object_repr": "스파이더맨", "action_flag": 2, "change_message": "[{\"changed\": {\"fields\": [\"Poster path\"]}}]"}}, {"model": "admin.logentry", "pk": 160, "fields": {"action_time": "2022-05-20T08:26:55.407Z", "user": 1, "content_type": 5, "object_id": "116", "object_repr": "월드워Z", "action_flag": 2, "change_message": "[{\"changed\": {\"fields\": [\"Poster path\"]}}]"}}, {"model": "admin.logentry", "pk": 161, "fields": {"action_time": "2022-05-20T08:26:58.910Z", "user": 1, "content_type": 5, "object_id": "117", "object_repr": "노인을 위한 나라는 없다", "action_flag": 2, "change_message": "[{\"changed\": {\"fields\": [\"Poster path\"]}}]"}}, {"model": "admin.logentry", "pk": 162, "fields": {"action_time": "2022-05-20T08:27:02.677Z", "user": 1, "content_type": 5, "object_id": "118", "object_repr": "새벽의 저주", "action_flag": 2, "change_message": "[{\"changed\": {\"fields\": [\"Poster path\"]}}]"}}, {"model": "admin.logentry", "pk": 163, "fields": {"action_time": "2022-05-20T08:27:05.062Z", "user": 1, "content_type": 5, "object_id": "119", "object_repr": "어카운턴트", "action_flag": 2, "change_message": "[{\"changed\": {\"fields\": [\"Poster path\"]}}]"}}, {"model": "admin.logentry", "pk": 164, "fields": {"action_time": "2022-05-20T08:27:07.702Z", "user": 1, "content_type": 5, "object_id": "120", "object_repr": "아메리칸 스나이퍼", "action_flag": 2, "change_message": "[{\"changed\": {\"fields\": [\"Poster path\"]}}]"}}, {"model": "admin.logentry", "pk": 165, "fields": {"action_time": "2022-05-20T08:27:10.421Z", "user": 1, "content_type": 5, "object_id": "121", "object_repr": "자헤드: 그들만의 전쟁", "action_flag": 2, "change_message": "[{\"changed\": {\"fields\": [\"Poster path\"]}}]"}}, {"model": "auth.permission", "pk": 1, "fields": {"name": "Can add user", "content_type": 1, "codename": "add_user"}}, {"model": "auth.permission", "pk": 2, "fields": {"name": "Can change user", "content_type": 1, "codename": "change_user"}}, {"model": "auth.permission", "pk": 3, "fields": {"name": "Can delete user", "content_type": 1, "codename": "delete_user"}}, {"model": "auth.permission", "pk": 4, "fields": {"name": "Can view user", "content_type": 1, "codename": "view_user"}}, {"model": "auth.permission", "pk": 5, "fields": {"name": "Can add review", "content_type": 2, "codename": "add_review"}}, {"model": "auth.permission", "pk": 6, "fields": {"name": "Can change review", "content_type": 2, "codename": "change_review"}}, {"model": "auth.permission", "pk": 7, "fields": {"name": "Can delete review", "content_type": 2, "codename": "delete_review"}}, {"model": "auth.permission", "pk": 8, "fields": {"name": "Can view review", "content_type": 2, "codename": "view_review"}}, {"model": "auth.permission", "pk": 9, "fields": {"name": "Can add comment", "content_type": 3, "codename": "add_comment"}}, {"model": "auth.permission", "pk": 10, "fields": {"name": "Can change comment", "content_type": 3, "codename": "change_comment"}}, {"model": "auth.permission", "pk": 11, "fields": {"name": "Can delete comment", "content_type": 3, "codename": "delete_comment"}}, {"model": "auth.permission", "pk": 12, "fields": {"name": "Can view comment", "content_type": 3, "codename": "view_comment"}}, {"model": "auth.permission", "pk": 13, "fields": {"name": "Can add genre", "content_type": 4, "codename": "add_genre"}}, {"model": "auth.permission", "pk": 14, "fields": {"name": "Can change genre", "content_type": 4, "codename": "change_genre"}}, {"model": "auth.permission", "pk": 15, "fields": {"name": "Can delete genre", "content_type": 4, "codename": "delete_genre"}}, {"model": "auth.permission", "pk": 16, "fields": {"name": "Can view genre", "content_type": 4, "codename": "view_genre"}}, {"model": "auth.permission", "pk": 17, "fields": {"name": "Can add movie", "content_type": 5, "codename": "add_movie"}}, {"model": "auth.permission", "pk": 18, "fields": {"name": "Can change movie", "content_type": 5, "codename": "change_movie"}}, {"model": "auth.permission", "pk": 19, "fields": {"name": "Can delete movie", "content_type": 5, "codename": "delete_movie"}}, {"model": "auth.permission", "pk": 20, "fields": {"name": "Can view movie", "content_type": 5, "codename": "view_movie"}}, {"model": "auth.permission", "pk": 21, "fields": {"name": "Can add gun type", "content_type": 6, "codename": "add_guntype"}}, {"model": "auth.permission", "pk": 22, "fields": {"name": "Can change gun type", "content_type": 6, "codename": "change_guntype"}}, {"model": "auth.permission", "pk": 23, "fields": {"name": "Can delete gun type", "content_type": 6, "codename": "delete_guntype"}}, {"model": "auth.permission", "pk": 24, "fields": {"name": "Can view gun type", "content_type": 6, "codename": "view_guntype"}}, {"model": "auth.permission", "pk": 25, "fields": {"name": "Can add gun", "content_type": 7, "codename": "add_gun"}}, {"model": "auth.permission", "pk": 26, "fields": {"name": "Can change gun", "content_type": 7, "codename": "change_gun"}}, {"model": "auth.permission", "pk": 27, "fields": {"name": "Can delete gun", "content_type": 7, "codename": "delete_gun"}}, {"model": "auth.permission", "pk": 28, "fields": {"name": "Can view gun", "content_type": 7, "codename": "view_gun"}}, {"model": "auth.permission", "pk": 29, "fields": {"name": "Can add log entry", "content_type": 8, "codename": "add_logentry"}}, {"model": "auth.permission", "pk": 30, "fields": {"name": "Can change log entry", "content_type": 8, "codename": "change_logentry"}}, {"model": "auth.permission", "pk": 31, "fields": {"name": "Can delete log entry", "content_type": 8, "codename": "delete_logentry"}}, {"model": "auth.permission", "pk": 32, "fields": {"name": "Can view log entry", "content_type": 8, "codename": "view_logentry"}}, {"model": "auth.permission", "pk": 33, "fields": {"name": "Can add permission", "content_type": 9, "codename": "add_permission"}}, {"model": "auth.permission", "pk": 34, "fields": {"name": "Can change permission", "content_type": 9, "codename": "change_permission"}}, {"model": "auth.permission", "pk": 35, "fields": {"name": "Can delete permission", "content_type": 9, "codename": "delete_permission"}}, {"model": "auth.permission", "pk": 36, "fields": {"name": "Can view permission", "content_type": 9, "codename": "view_permission"}}, {"model": "auth.permission", "pk": 37, "fields": {"name": "Can add group", "content_type": 10, "codename": "add_group"}}, {"model": "auth.permission", "pk": 38, "fields": {"name": "Can change group", "content_type": 10, "codename": "change_group"}}, {"model": "auth.permission", "pk": 39, "fields": {"name": "Can delete group", "content_type": 10, "codename": "delete_group"}}, {"model": "auth.permission", "pk": 40, "fields": {"name": "Can view group", "content_type": 10, "codename": "view_group"}}, {"model": "auth.permission", "pk": 41, "fields": {"name": "Can add content type", "content_type": 11, "codename": "add_contenttype"}}, {"model": "auth.permission", "pk": 42, "fields": {"name": "Can change content type", "content_type": 11, "codename": "change_contenttype"}}, {"model": "auth.permission", "pk": 43, "fields": {"name": "Can delete content type", "content_type": 11, "codename": "delete_contenttype"}}, {"model": "auth.permission", "pk": 44, "fields": {"name": "Can view content type", "content_type": 11, "codename": "view_contenttype"}}, {"model": "auth.permission", "pk": 45, "fields": {"name": "Can add session", "content_type": 12, "codename": "add_session"}}, {"model": "auth.permission", "pk": 46, "fields": {"name": "Can change session", "content_type": 12, "codename": "change_session"}}, {"model": "auth.permission", "pk": 47, "fields": {"name": "Can delete session", "content_type": 12, "codename": "delete_session"}}, {"model": "auth.permission", "pk": 48, "fields": {"name": "Can view session", "content_type": 12, "codename": "view_session"}}, {"model": "contenttypes.contenttype", "pk": 1, "fields": {"app_label": "accounts", "model": "user"}}, {"model": "contenttypes.contenttype", "pk": 2, "fields": {"app_label": "community", "model": "review"}}, {"model": "contenttypes.contenttype", "pk": 3, "fields": {"app_label": "community", "model": "comment"}}, {"model": "contenttypes.contenttype", "pk": 4, "fields": {"app_label": "movies", "model": "genre"}}, {"model": "contenttypes.contenttype", "pk": 5, "fields": {"app_label": "movies", "model": "movie"}}, {"model": "contenttypes.contenttype", "pk": 6, "fields": {"app_label": "guns", "model": "guntype"}}, {"model": "contenttypes.contenttype", "pk": 7, "fields": {"app_label": "guns", "model": "gun"}}, {"model": "contenttypes.contenttype", "pk": 8, "fields": {"app_label": "admin", "model": "logentry"}}, {"model": "contenttypes.contenttype", "pk": 9, "fields": {"app_label": "auth", "model": "permission"}}, {"model": "contenttypes.contenttype", "pk": 10, "fields": {"app_label": "auth", "model": "group"}}, {"model": "contenttypes.contenttype", "pk": 11, "fields": {"app_label": "contenttypes", "model": "contenttype"}}, {"model": "contenttypes.contenttype", "pk": 12, "fields": {"app_label": "sessions", "model": "session"}}, {"model": "sessions.session", "pk": "0bfekgdggh6dikzxej83kn8l48tuebqt", "fields": {"session_data": ".eJxVjEsOwjAMBe-SNYqchDQuS_Y9Q-XaLimgROpnhbg7VOoCtm9m3sv0tK253xad-0nMxThz-t0G4oeWHcidyq1armWdp8Huij3oYrsq-rwe7t9BpiV_axRoASJiUKVWEVkSNiklx5FGjTwGoHMTEYIE9i4oeu-ACRKBKJv3B9KAN58:1nra4y:ddus0A920gTzzTEQ0RZlN3Mdaji81CRJ8wIp1sBFTHI", "expire_date": "2022-06-02T06:56:12.986Z"}}, {"model": "sessions.session", "pk": "0qq5u7ehzf6ndt47a4pif70kqt0kd3ge", "fields": {"session_data": ".eJxVjEEOwiAQRe_C2hCHlpmpS_eegcAAUjU0Ke3KeHfbpAvd_vfefyvn16W4taXZjVFdlFGn3y14eaa6g_jw9T5pmeoyj0Hvij5o07cpptf1cP8Oim9lq9HmHiILWSKDYIURwhnzYDoCYhCfmDKFRNxvKpIVwS4HkoEJ2KjPF7rfNuU:1nraLn:x_RGegHqyAs93TobEOHCsSaU0k9qqbi7LAUMO1UXk9w", "expire_date": "2022-06-02T07:13:35.587Z"}}, {"model": "sessions.session", "pk": "mrntp243fm685v322jrb2zfo9mcmpfn1", "fields": {"session_data": ".eJxVjEsOwjAMBe-SNYqchDQuS_Y9Q-XaLimgROpnhbg7VOoCtm9m3sv0tK253xad-0nMxThz-t0G4oeWHcidyq1armWdp8Huij3oYrsq-rwe7t9BpiV_axRoASJiUKVWEVkSNiklx5FGjTwGoHMTEYIE9i4oeu-ACRKBKJv3B9KAN58:1nrwkD:8PAN8v4mvLH-hx1uqETUXyKX8h8r0noVlix4KxsjudM", "expire_date": "2022-06-03T07:08:17.120Z"}}]